person_id,age,gender,diet_type,sleep_hours,steps_per_day,stress_level,water_intake_litres,bmi,smoking,exercise_hours_week,health_score
1,56,Male,Vegetarian,3.3,6445,3,0.7,28.5,0,1.2,40.3
2,46,Male,Vegan,7.8,11737,7,2.5,22.5,0,2.9,58.6
3,32,Male,Non-Vegetarian,8.0,11603,3,1.7,22.4,1,2.9,58.8
4,60,Male,Pescatarian,4.0,14178,3,1.9,25.7,1,1.1,53.9
5,25,Male,Vegan,,7570,10,2.2,22.5,0,4.3,42.7
6,38,Female,Non-Vegetarian,6.1,10196,5,2.1,24.2,0,4.0,56.4
7,56,Male,Non-Vegetarian,4.8,9212,5,2.4,33.9,0,3.1,52.3
8,36,Male,Pescatarian,5.6,1406,6,1.7,23.4,1,2.0,30.1
9,40,Male,Vegetarian,5.2,10206,8,2.3,22.9,1,5.6,46.0
10,28,Female,Vegetarian,8.6,5431,10,1.8,21.6,0,6.8,45.3
11,28,Female,Vegan,7.6,11030,6,2.4,27.8,1,2.5,53.3
12,41,Male,Pescatarian,8.0,12380,1,,23.7,0,2.3,71.1
13,53,Female,Vegetarian,7.4,6243,8,1.4,21.6,0,4.5,44.3
14,57,Male,Pescatarian,5.1,7542,8,2.7,30.4,0,2.8,44.9
15,41,Male,Vegetarian,5.9,7936,9,1.7,30.9,0,3.2,41.8
16,20,Female,Non-Vegetarian,7.1,9906,9,2.5,21.8,0,5.0,52.4
17,39,Male,Vegetarian,5.0,5146,2,2.2,16.1,0,0.0,47.8
18,19,Female,Pescatarian,7.4,13046,2,3.1,29.0,0,6.1,75.7
19,41,Female,Non-Vegetarian,6.2,13611,3,,21.4,1,3.6,60.1
20,61,Male,Non-Vegetarian,6.1,14076,1,1.8,28.1,0,2.7,68.3
21,47,Male,Non-Vegetarian,7.4,1140,4,2.0,15.6,0,3.3,44.7
22,55,Female,Pescatarian,7.0,13757,4,1.8,28.5,0,3.4,64.3
23,19,Male,Vegan,6.1,5882,9,2.5,19.0,0,0.0,38.4
24,38,Male,Vegan,7.9,14645,9,1.0,27.8,0,6.5,57.9
25,50,Male,Vegan,5.2,7012,9,1.4,24.6,0,3.6,38.2
26,29,Female,Pescatarian,7.2,1963,10,1.4,20.2,0,4.4,32.6
27,39,Female,Non-Vegetarian,7.2,8151,7,2.6,22.7,0,5.4,54.5
28,61,Male,Vegan,6.1,9564,2,3.0,27.6,0,1.5,62.0
29,42,Female,Pescatarian,6.9,12827,10,1.9,25.0,0,4.4,52.0
30,44,Female,Vegan,5.0,11733,5,1.9,27.1,0,3.0,54.9
31,59,Female,Vegetarian,7.6,4610,4,2.0,33.4,0,5.2,53.0
32,45,Female,Vegan,6.3,10884,8,2.7,17.5,0,0.0,49.9
33,33,Female,Vegan,5.9,7894,2,1.4,31.8,1,3.3,49.7
34,32,Male,Non-Vegetarian,7.8,14467,6,2.1,25.0,0,2.3,63.1
35,64,Male,Pescatarian,5.7,14959,5,2.6,20.5,0,4.4,65.8
36,61,Male,Non-Vegetarian,4.8,8311,2,2.3,18.5,1,4.4,52.8
37,20,Female,Non-Vegetarian,4.6,1105,10,2.1,23.6,0,2.1,26.2
38,54,Female,Non-Vegetarian,7.2,6539,1,2.6,28.6,0,2.1,60.3
39,24,Male,Non-Vegetarian,5.0,10873,8,0.5,23.9,1,3.3,37.5
40,38,Female,Non-Vegetarian,8.6,13289,2,2.4,31.3,1,1.7,66.2
41,26,Male,Vegan,4.0,13208,7,1.6,18.0,1,5.2,47.6
42,56,Male,Non-Vegetarian,8.5,11828,9,0.9,24.4,0,2.8,50.1
43,35,Male,Non-Vegetarian,6.8,7787,9,2.3,18.9,0,0.0,42.2
44,21,Female,Pescatarian,6.4,3137,8,2.8,26.1,0,2.8,40.5
45,42,Female,Vegetarian,5.8,12608,10,1.9,28.5,0,1.4,46.2
46,31,Male,Vegan,7.0,5445,9,2.6,22.6,0,0.2,40.0
47,26,Male,Vegan,6.5,4530,2,3.0,15.0,0,1.0,53.9
48,43,Male,Vegan,7.8,2286,6,2.8,25.4,1,3.7,41.9
49,19,Male,Non-Vegetarian,6.6,12371,4,3.0,26.5,0,6.2,68.7
50,37,Female,Non-Vegetarian,6.7,14350,4,2.4,26.3,0,4.1,67.7
51,45,Female,Non-Vegetarian,6.1,8052,5,2.0,30.1,0,2.3,50.6
52,64,Male,Pescatarian,6.4,4654,3,1.0,19.7,0,4.4,48.0
53,24,Male,Vegetarian,6.9,8102,1,1.9,27.6,0,2.6,60.2
54,61,Female,Non-Vegetarian,4.4,3359,8,1.5,29.9,0,2.1,31.3
55,25,Female,Vegetarian,4.9,9105,5,3.3,16.5,0,1.2,53.6
56,64,Male,Pescatarian,7.4,9636,3,1.9,25.9,0,0.0,57.0
57,52,Male,Vegan,6.7,7441,10,2.1,22.2,1,2.7,36.6
58,31,Male,Non-Vegetarian,6.3,6047,7,2.3,24.1,1,3.8,41.4
59,34,Female,Vegetarian,6.5,9227,7,2.0,26.1,0,3.3,50.4
60,53,Female,Vegetarian,6.9,6203,1,3.0,22.3,0,2.7,61.3
61,57,Female,Non-Vegetarian,5.9,10667,9,1.6,21.5,1,1.6,39.3
62,21,Male,Vegan,5.6,13149,2,2.1,24.7,1,4.7,62.0
63,19,Male,Vegan,6.7,2798,5,1.6,19.6,0,0.9,40.0
64,23,Female,Vegan,5.3,11037,5,1.2,19.6,0,5.1,54.0
65,59,Female,Pescatarian,7.0,10600,8,1.6,27.6,0,1.5,48.3
66,21,Male,Vegetarian,4.5,6291,8,2.0,19.3,1,2.0,33.1
67,46,Female,Vegetarian,7.7,6495,7,1.7,27.5,1,0.6,39.2
68,35,Female,Vegetarian,7.1,10900,7,1.6,26.6,0,2.5,52.0
69,43,Male,Pescatarian,6.8,14673,6,1.2,16.7,1,5.5,56.4
70,61,Female,Vegetarian,7.7,12130,6,2.0,21.5,0,4.5,60.9
71,51,Male,Pescatarian,8.5,7284,9,1.1,29.9,1,5.5,41.2
72,27,Male,Vegan,7.7,8285,6,2.5,20.1,0,4.5,56.4
73,53,Male,Non-Vegetarian,4.3,2300,2,2.0,22.4,1,1.3,37.3
74,31,Male,Vegetarian,5.0,7869,2,1.1,26.6,0,2.8,51.2
75,48,Male,Vegetarian,5.8,10435,5,1.8,28.0,0,1.9,52.8
76,32,Male,Vegan,6.5,13168,4,1.5,23.4,0,6.2,64.2
77,25,Male,Non-Vegetarian,7.1,4097,2,2.2,21.8,1,1.1,46.5
78,31,Female,Pescatarian,5.6,5616,3,2.8,30.9,1,5.3,50.7
79,40,Male,Non-Vegetarian,6.7,1009,7,0.9,32.3,1,5.3,30.1
80,57,Male,Vegan,5.6,14271,8,2.1,28.9,1,7.2,54.6
81,38,Female,Vegan,5.8,11617,6,1.9,24.9,0,2.7,54.0
82,33,Female,Non-Vegetarian,4.8,6752,5,2.4,20.9,0,4.9,50.1
83,62,Female,Pescatarian,5.4,10852,1,2.1,20.8,0,8.1,68.4
84,35,Male,Pescatarian,4.9,11823,8,1.5,26.9,0,2.3,46.6
85,64,Female,Vegetarian,5.3,7295,3,1.8,26.4,0,0.4,48.9
86,41,Male,Pescatarian,7.8,5815,6,1.5,30.8,0,0.0,43.9
87,43,Male,Non-Vegetarian,5.4,2072,3,2.6,27.4,0,4.9,48.3
88,42,Male,Vegan,9.7,4225,7,2.0,17.7,0,0.0,44.9
89,62,Male,Vegetarian,7.1,14146,7,3.1,29.2,0,2.8,63.4
90,58,Female,Vegetarian,6.7,2316,9,2.0,20.0,0,4.4,36.5
91,46,Female,Vegan,5.5,6699,5,1.6,22.8,1,3.9,42.3
92,32,Male,Pescatarian,7.3,13337,8,1.1,25.6,1,4.4,49.7
93,62,Male,Vegan,5.8,7807,10,0.9,33.5,1,3.9,32.2
94,18,Male,Pescatarian,6.6,7674,10,1.0,38.5,0,6.1,41.3
95,42,Female,Vegan,9.6,4683,8,2.2,27.2,0,1.6,46.0
96,24,Male,Non-Vegetarian,6.4,8227,1,2.3,23.7,1,2.1,55.4
97,26,Male,Pescatarian,7.9,4273,5,1.1,26.9,0,2.0,44.2
98,41,Female,Non-Vegetarian,5.7,8000,3,2.5,28.5,0,5.2,58.7
99,18,Female,Vegetarian,6.5,1145,1,1.7,23.1,0,5.3,50.0
100,61,Male,Vegan,8.6,6010,4,2.1,32.6,0,4.4,56.8
101,25,Female,Vegetarian,5.7,4040,8,3.0,25.5,0,5.9,44.7
102,41,Female,Vegetarian,8.7,10654,3,,26.7,0,1.1,64.7
103,28,Male,Vegetarian,7.3,13868,10,,27.5,0,6.8,56.7
104,34,Female,Vegetarian,5.8,10776,2,1.5,26.4,0,6.5,63.1
105,25,Male,Vegan,7.3,1482,9,0.7,28.3,0,5.0,32.1
106,52,Female,Vegetarian,7.7,4179,10,1.6,21.7,1,7.1,36.0
107,52,Male,Vegan,7.2,2249,5,1.9,22.0,0,0.2,40.5
108,50,Male,Vegan,4.6,13960,7,1.4,19.5,0,2.5,51.4
109,22,Male,Non-Vegetarian,5.6,1630,2,1.9,26.5,1,2.0,39.2
110,59,Female,Pescatarian,6.2,9853,9,2.0,28.0,0,4.9,48.6
111,56,Male,Pescatarian,6.4,12695,9,1.9,26.6,0,1.4,49.6
112,58,Female,Vegan,7.2,3852,4,1.6,32.0,0,5.0,49.2
113,45,Male,Non-Vegetarian,6.7,11658,4,2.1,24.5,0,6.2,64.3
114,24,Male,Vegan,4.9,1987,6,2.3,27.5,0,4.9,40.0
115,26,Female,Vegan,7.0,8622,10,1.3,19.6,1,4.1,37.6
116,25,Male,Vegan,7.2,8327,10,2.8,22.8,0,1.5,45.4
117,29,Male,Non-Vegetarian,7.2,10738,10,1.9,27.6,0,1.8,46.4
118,51,Female,Pescatarian,7.8,9841,6,2.0,28.3,0,6.0,58.9
119,50,Male,Non-Vegetarian,7.5,10160,1,2.4,23.2,0,5.1,69.4
120,40,Male,Vegetarian,7.1,11829,9,2.1,24.2,0,3.4,52.4
121,41,Male,Non-Vegetarian,6.4,2100,2,2.6,17.7,0,2.7,49.9
122,54,Male,Non-Vegetarian,4.5,7652,5,2.2,22.9,0,0.0,45.0
123,52,Female,Non-Vegetarian,7.0,9632,9,1.6,28.5,0,1.4,44.6
124,61,Female,Non-Vegetarian,6.7,8421,4,2.2,27.1,0,7.3,60.5
125,57,Male,Pescatarian,6.8,6016,3,1.3,26.8,0,0.9,48.5
126,39,Female,Vegetarian,5.0,1769,7,2.1,24.7,1,3.9,31.0
127,44,Male,Pescatarian,5.2,2343,6,2.0,24.5,0,5.5,40.7
128,52,Female,Pescatarian,7.8,5358,8,1.9,21.5,0,1.0,41.7
129,18,Male,Non-Vegetarian,6.5,12921,3,1.9,27.6,0,3.9,64.8
130,52,Male,Vegan,7.3,13098,5,0.9,26.4,0,5.4,60.6
131,54,Male,Vegan,6.5,10769,10,1.7,26.7,0,3.5,46.1
132,64,Male,Pescatarian,6.5,7780,4,2.1,22.1,0,9.2,60.7
133,31,Male,Pescatarian,7.6,13200,4,2.1,15.0,1,0.2,57.3
134,20,Male,Non-Vegetarian,5.9,7602,4,1.4,29.4,1,5.6,47.7
135,18,Female,Pescatarian,6.6,14286,10,2.8,22.3,0,3.2,55.9
136,22,Male,Non-Vegetarian,5.9,12543,8,1.5,20.6,0,5.0,52.7
137,43,Female,Vegan,6.0,13987,6,2.6,27.6,1,4.4,57.8
138,31,Male,Vegan,6.1,3349,3,2.3,22.7,1,2.0,42.5
139,56,Female,Vegetarian,6.8,12794,10,1.6,29.3,1,4.0,45.2
140,44,Female,Vegan,5.9,6699,5,3.1,27.3,0,0.0,49.6
141,26,Female,Pescatarian,8.0,2241,6,1.3,27.6,0,4.7,42.6
142,32,Male,Vegan,5.4,2125,5,2.6,18.4,0,4.1,43.5
143,32,Male,Non-Vegetarian,6.3,11793,6,2.6,30.0,0,4.8,60.1
144,43,Female,Vegan,6.0,10382,8,1.6,25.7,0,5.6,50.3
145,59,Male,Vegetarian,8.2,7764,7,2.8,22.8,0,4.2,55.3
146,30,Female,Vegan,6.7,6101,5,1.8,25.1,1,3.8,44.4
147,49,Male,Non-Vegetarian,7.7,13323,10,2.2,16.5,0,1.7,52.7
148,56,Female,Non-Vegetarian,4.7,14031,6,2.2,26.3,1,2.1,51.3
149,49,Female,Pescatarian,6.8,13640,4,1.9,19.9,0,5.9,66.8
150,21,Male,Vegan,7.6,8843,9,2.5,18.4,0,6.4,53.2
151,47,Female,Non-Vegetarian,6.6,1072,4,2.5,17.6,0,3.0,44.6
152,54,Male,Vegetarian,7.8,6472,1,1.0,29.5,1,3.6,52.0
153,40,Female,Pescatarian,5.9,11106,7,2.8,21.7,0,1.7,53.6
154,56,Female,Vegetarian,8.2,6189,7,1.0,31.4,0,5.8,47.7
155,62,Male,Vegan,9.3,3472,4,2.6,22.1,1,4.8,51.3
156,32,Male,Vegan,6.1,12238,3,2.7,16.8,0,7.4,69.7
157,60,Male,Vegan,6.0,1707,8,1.3,19.5,0,1.7,30.5
158,46,Female,Pescatarian,8.2,2804,5,1.8,30.1,0,2.7,45.7
159,53,Male,Non-Vegetarian,8.4,7704,10,1.3,23.8,0,4.0,43.8
160,30,Female,Pescatarian,5.9,4713,7,1.9,22.0,0,4.8,42.9
161,49,Female,Vegetarian,6.0,6051,4,1.8,25.2,0,3.1,49.2
162,24,Male,Pescatarian,6.2,11756,4,2.5,26.8,0,1.8,60.3
163,39,Male,Vegetarian,4.9,3475,8,2.8,29.5,0,5.3,40.8
164,45,Female,Pescatarian,5.4,4610,8,2.8,31.0,0,4.9,43.2
165,19,Female,Non-Vegetarian,5.3,5255,2,1.7,22.9,0,1.7,48.6
166,59,Male,Vegetarian,5.6,12015,2,1.9,18.5,0,6.2,66.0
167,62,Male,Vegan,6.5,8397,3,1.0,22.6,0,5.8,56.0
168,23,Male,Vegan,6.8,2735,3,1.5,25.7,0,3.8,46.9
169,45,Male,Pescatarian,8.4,10777,1,2.6,20.2,0,3.7,71.5
170,45,Male,Vegan,5.3,9258,3,3.0,20.2,0,4.6,61.2
171,61,Female,Vegetarian,7.7,12253,6,1.3,26.0,1,1.8,50.6
172,61,Female,Vegan,6.2,8979,8,1.6,24.3,0,3.6,46.2
173,37,Female,Non-Vegetarian,6.4,3428,10,2.0,24.6,1,0.0,26.0
174,47,Female,Non-Vegetarian,7.3,13345,6,2.2,21.1,1,5.3,58.8
175,28,Male,Pescatarian,5.2,8426,5,1.5,23.5,0,0.4,45.5
176,45,Male,Vegetarian,7.0,9533,4,2.3,20.3,0,6.5,62.5
177,42,Male,Non-Vegetarian,6.7,6249,3,1.7,28.5,0,2.8,52.2
178,56,Female,Non-Vegetarian,7.1,11966,4,2.0,29.2,1,3.1,57.0
179,50,Female,Vegetarian,6.8,6291,7,2.3,16.2,0,2.2,46.1
180,18,Male,Vegan,9.4,3817,1,2.0,20.3,0,2.9,58.8
181,44,Male,Vegan,5.7,11853,7,1.7,17.8,0,6.3,55.3
182,30,Female,Pescatarian,5.9,10424,1,1.9,21.6,1,0.0,54.3
183,58,Female,Vegan,5.8,4874,2,1.9,24.1,1,6.1,49.4
184,20,Male,Vegetarian,5.8,11593,4,1.8,18.0,0,4.2,59.2
185,56,Male,Non-Vegetarian,5.7,10686,1,1.8,20.4,0,1.1,60.1
186,23,Female,Vegan,7.9,5211,9,3.0,20.0,0,1.3,44.1
187,25,Male,Pescatarian,8.2,1661,6,2.3,25.4,0,6.9,48.2
188,44,Male,Vegan,5.8,13075,1,1.8,24.8,1,1.6,59.9
189,26,Male,Vegetarian,5.5,14753,1,2.4,21.3,0,1.2,68.9
190,54,Female,Pescatarian,7.1,12811,6,1.8,25.3,0,5.8,61.5
191,50,Female,Vegan,5.8,11060,4,2.7,22.0,0,4.2,61.7
192,59,Female,Pescatarian,7.3,11526,4,2.2,23.3,1,1.6,55.8
193,61,Female,Vegetarian,6.7,4374,6,1.9,32.0,1,3.9,40.0
194,41,Female,Non-Vegetarian,4.7,10208,7,2.3,30.5,0,1.4,47.5
195,32,Female,Vegetarian,8.4,13598,9,1.1,18.7,1,5.7,51.7
196,49,Female,Vegetarian,8.7,1207,10,1.3,28.2,0,5.6,35.3
197,49,Male,Vegetarian,5.8,3665,5,1.3,28.2,0,4.6,42.5
198,41,Male,Vegetarian,6.0,3493,9,2.1,19.3,0,4.2,37.2
199,58,Male,Non-Vegetarian,6.8,7813,4,3.0,28.2,0,7.0,62.4
200,29,Male,Non-Vegetarian,6.9,1632,10,3.3,31.4,0,3.5,37.6
201,56,Male,Pescatarian,7.3,11294,2,2.4,19.4,1,1.1,59.6
202,19,Male,Vegan,8.9,12151,3,2.3,20.4,0,4.4,70.4
203,20,Male,Non-Vegetarian,6.3,4083,1,0.9,29.1,0,7.7,54.0
204,54,Female,Non-Vegetarian,5.5,13944,6,1.7,25.7,0,1.5,55.2
205,34,Female,Vegan,4.8,14711,6,1.5,27.0,0,2.8,55.7
206,19,Male,Non-Vegetarian,5.6,11123,1,1.6,26.0,1,4.3,58.3
207,19,Male,Vegetarian,6.5,4719,3,1.9,26.3,0,3.4,50.6
208,45,Female,Vegetarian,8.7,8123,5,1.7,18.5,0,1.5,53.9
209,40,Male,Vegan,5.9,11754,3,0.8,29.2,1,5.7,54.5
210,54,Male,Pescatarian,6.8,2679,10,2.4,29.8,0,8.1,40.7
211,49,Female,Pescatarian,,1236,3,1.4,23.5,0,3.9,43.5
212,50,Male,Vegan,7.9,8446,10,2.1,24.3,0,1.7,44.6
213,18,Female,Vegan,9.5,5443,3,,17.6,0,0.4,59.5
214,36,Male,Vegetarian,5.9,7770,5,1.4,26.8,1,4.0,44.3
215,19,Female,Pescatarian,5.9,13917,5,0.5,27.1,1,5.7,53.0
216,61,Female,Non-Vegetarian,7.8,10732,4,1.8,24.2,0,4.5,62.1
217,43,Female,Vegetarian,7.3,7099,1,2.7,29.6,1,3.5,58.3
218,49,Male,Vegan,8.7,13135,5,3.2,23.0,0,2.3,68.8
219,23,Female,Pescatarian,7.2,14559,10,1.3,27.0,0,1.3,49.9
220,49,Male,Non-Vegetarian,6.1,9555,5,2.3,19.9,0,5.2,57.3
221,21,Male,Non-Vegetarian,7.2,3368,4,1.7,24.4,0,5.3,49.1
222,28,Male,Vegetarian,7.8,1285,6,1.9,23.7,0,0.4,38.3
223,34,Male,Pescatarian,7.5,1148,10,3.6,25.5,0,6.7,42.6
224,55,Female,Pescatarian,7.1,14395,4,1.1,22.8,1,4.6,59.2
225,41,Female,Vegan,7.8,5037,7,2.2,23.9,0,6.3,50.0
226,22,Male,Pescatarian,7.9,7549,7,2.3,28.2,0,0.8,48.9
227,51,Male,Pescatarian,8.2,8121,2,2.7,22.5,0,0.8,61.9
228,23,Female,Vegetarian,7.3,13743,3,2.1,17.3,0,3.2,67.8
229,39,Male,Pescatarian,6.3,10958,1,2.2,32.4,0,4.5,66.9
230,28,Female,Non-Vegetarian,6.7,5895,8,1.8,30.7,0,7.1,46.6
231,33,Male,Vegetarian,7.9,6280,9,2.2,18.7,1,4.9,41.8
232,50,Male,Vegetarian,5.5,2012,4,1.8,27.6,0,3.0,41.3
233,26,Female,Vegan,6.9,12023,6,2.4,22.2,0,1.4,57.3
234,23,Male,Pescatarian,6.0,11699,9,1.8,25.7,0,6.0,51.7
235,33,Female,Vegan,6.5,10715,6,2.2,25.8,0,1.6,53.8
236,46,Male,Non-Vegetarian,8.0,3785,9,2.0,23.4,0,6.8,44.1
237,20,Male,Vegetarian,6.7,11748,4,2.7,21.0,0,2.9,63.2
238,37,Male,Vegetarian,6.6,4725,8,2.0,21.4,0,6.7,44.8
239,53,Female,Vegetarian,4.9,5576,9,0.9,20.4,0,4.9,34.7
240,36,Male,Non-Vegetarian,7.4,6782,4,2.8,20.8,0,3.2,57.0
241,43,Male,Non-Vegetarian,7.3,7257,5,1.5,24.2,0,2.5,50.0
242,20,Male,Vegan,9.1,10793,8,1.6,21.3,0,2.8,54.2
243,36,Male,Vegan,6.1,3408,10,1.6,27.6,1,4.4,28.6
244,37,Female,Vegan,6.8,1340,6,2.8,31.2,0,3.7,43.3
245,49,Female,Pescatarian,6.8,3817,7,0.7,21.9,1,2.3,31.1
246,24,Male,Vegetarian,8.4,3496,3,3.9,25.6,0,3.2,59.7
247,58,Female,Vegetarian,6.4,6962,7,2.6,26.7,1,3.7,44.1
248,50,Male,Vegan,,14122,8,2.1,26.6,0,0.0,54.0
249,57,Male,Vegetarian,7.2,6299,10,2.0,24.8,0,4.4,42.1
250,56,Male,Vegan,6.7,10917,6,2.2,27.8,0,1.5,54.5
251,35,Female,Pescatarian,6.0,8574,10,2.3,26.7,1,1.2,36.2
252,57,Female,Pescatarian,6.7,2689,9,2.4,18.9,0,0.1,34.0
253,18,Female,Non-Vegetarian,7.8,4267,6,2.3,28.4,0,0.0,44.3
254,28,Female,Pescatarian,5.3,5406,9,2.1,28.5,0,0.8,35.3
255,45,Female,Vegan,6.7,9453,4,1.9,21.1,1,2.1,50.5
256,42,Female,Pescatarian,5.7,2442,8,1.9,24.7,0,7.4,39.5
257,40,Female,Non-Vegetarian,7.9,9597,4,1.9,27.6,1,2.4,53.5
258,48,Female,Vegetarian,4.7,11382,2,2.7,23.6,0,3.9,63.7
259,47,Female,Vegan,5.8,5437,10,2.4,29.3,0,4.3,39.3
260,59,Male,Vegetarian,7.0,6435,9,0.5,35.1,0,3.8,37.7
261,52,Female,Non-Vegetarian,8.4,9435,5,2.4,21.0,1,3.3,55.1
262,24,Female,Non-Vegetarian,6.4,13777,4,2.1,18.3,0,1.1,61.8
263,33,Female,Non-Vegetarian,5.8,5107,2,2.0,25.9,1,6.4,50.5
264,43,Female,Vegetarian,8.8,1560,1,1.8,27.7,0,7.1,57.6
265,19,Female,Vegetarian,4.8,13329,7,2.7,23.5,0,0.1,53.0
266,18,Female,Vegetarian,3.9,11917,6,2.6,31.0,0,1.5,52.0
267,29,Female,Vegetarian,7.0,9785,2,1.5,18.5,0,2.9,60.0
268,22,Female,Non-Vegetarian,5.9,6548,8,2.2,27.6,1,1.6,36.7
269,54,Female,Non-Vegetarian,5.3,2826,4,1.4,21.8,1,4.5,37.4
270,49,Female,Vegan,7.4,12421,8,1.2,32.2,1,2.0,46.1
271,26,Female,Vegan,6.8,12479,7,1.6,33.5,0,7.8,59.8
272,58,Male,Vegetarian,5.8,13265,5,2.5,21.1,0,5.9,64.4
273,52,Male,Pescatarian,5.0,14981,10,2.6,22.0,0,3.9,53.9
274,36,Female,Pescatarian,7.5,8629,10,2.3,28.4,1,5.6,44.0
275,33,Female,Non-Vegetarian,7.3,9325,8,2.4,22.8,0,5.7,54.2
276,20,Male,Non-Vegetarian,6.4,4138,9,2.3,24.3,0,2.4,37.9
277,37,Female,Non-Vegetarian,8.7,13111,5,1.6,24.6,0,1.9,62.3
278,41,Male,Vegan,5.2,14235,10,2.3,15.9,0,3.7,51.7
279,50,Male,Vegan,4.7,8693,5,2.5,24.4,1,5.2,48.8
280,41,Male,Non-Vegetarian,,9264,2,2.5,21.4,0,3.8,61.3
281,28,Male,Non-Vegetarian,6.4,13686,5,2.7,22.3,0,0.3,61.1
282,25,Male,Non-Vegetarian,6.8,14716,3,2.4,31.0,0,1.9,68.2
283,53,Female,Pescatarian,6.2,8842,7,2.2,18.8,0,3.4,50.0
284,55,Male,Vegan,6.9,7721,10,2.6,28.2,0,3.3,45.0
285,57,Female,Pescatarian,5.0,8002,5,2.0,23.2,0,7.4,53.8
286,37,Female,Pescatarian,8.2,5225,8,1.5,23.2,1,0.7,35.5
287,52,Male,Non-Vegetarian,6.4,3978,1,1.9,28.1,1,4.5,49.4
288,42,Male,Non-Vegetarian,7.8,8373,3,1.6,26.0,0,6.5,61.5
289,52,Female,Vegetarian,6.9,6907,3,1.6,27.1,0,8.0,58.9
290,42,Male,Vegetarian,7.0,7097,9,1.9,28.9,1,2.7,37.8
291,46,Male,Pescatarian,7.2,13553,5,1.5,23.0,0,4.5,62.4
292,35,Female,Vegan,7.0,6656,9,1.8,21.7,0,4.6,43.8
293,63,Female,Non-Vegetarian,7.3,11177,9,0.9,19.6,0,3.9,47.8
294,35,Male,Non-Vegetarian,8.1,9984,1,2.1,20.8,0,3.3,67.3
295,19,Female,Pescatarian,6.7,14600,2,2.0,37.8,0,4.4,70.9
296,52,Male,Vegetarian,7.4,5259,5,1.5,30.1,1,0.0,39.2
297,33,Male,Vegan,6.4,9286,4,2.4,18.4,0,4.9,59.5
298,58,Male,Vegetarian,8.2,6901,10,2.6,18.5,0,3.8,46.7
299,53,Female,Vegetarian,5.7,10325,9,1.0,26.7,0,3.1,42.7
300,50,Female,Vegetarian,8.7,5917,7,1.5,27.0,0,7.6,52.0
301,21,Female,Vegetarian,6.5,9429,6,1.5,27.0,0,2.2,49.7
302,50,Female,Non-Vegetarian,4.8,12138,7,1.4,23.4,1,2.7,44.0
303,31,Female,Non-Vegetarian,6.7,3530,1,2.5,23.9,1,7.5,54.7
304,38,Male,Vegetarian,5.7,2960,1,1.9,26.0,0,1.8,48.4
305,37,Male,Vegan,7.5,8045,8,1.8,24.9,1,2.4,41.7
306,25,Male,Pescatarian,5.7,2048,2,0.8,15.0,1,3.2,37.2
307,24,Male,Vegan,6.0,6772,10,2.4,23.5,1,5.2,37.9
308,20,Female,Vegan,4.2,3529,9,1.3,20.7,0,3.9,30.3
309,34,Male,Vegan,6.0,3964,7,2.0,25.3,0,0.9,38.1
310,50,Female,Vegetarian,3.6,8137,6,2.2,37.9,0,2.4,44.6
311,29,Male,Non-Vegetarian,4.6,1963,1,,26.2,0,2.3,48.4
312,39,Female,Vegan,7.4,1536,1,1.2,23.1,0,3.3,48.4
313,39,Female,Vegetarian,7.4,14891,2,0.5,28.6,0,4.4,67.2
314,63,Male,Vegan,7.0,8340,6,2.1,26.7,1,4.3,48.4
315,47,Male,Vegan,5.3,8179,6,3.1,26.4,1,0.0,43.9
316,55,Male,Vegetarian,,8967,2,2.7,27.2,1,5.6,59.9
317,55,Male,Non-Vegetarian,6.5,13415,1,2.1,33.8,0,4.0,70.5
318,62,Female,Non-Vegetarian,5.1,12871,10,1.7,19.4,0,6.3,49.8
319,25,Male,Pescatarian,8.3,13379,5,2.5,26.6,0,4.4,68.0
320,44,Male,Vegetarian,7.6,12916,5,1.4,20.3,0,5.7,63.1
321,44,Female,Pescatarian,6.2,9734,2,2.3,27.0,0,4.4,63.0
322,51,Male,Pescatarian,6.5,1845,6,2.3,20.4,0,6.2,44.3
323,38,Male,Pescatarian,6.8,12795,9,2.6,22.6,0,4.5,56.5
324,47,Male,Non-Vegetarian,4.0,6777,2,3.7,23.2,1,3.3,52.7
325,50,Male,Vegetarian,6.2,4036,10,2.2,28.9,0,8.0,40.9
326,45,Male,Pescatarian,5.7,6947,2,1.7,28.6,0,5.3,56.0
327,64,Female,Vegetarian,5.3,3494,3,2.0,18.9,0,4.6,47.9
328,50,Male,Vegetarian,6.2,13677,7,0.9,24.7,0,0.9,50.5
329,22,Male,Non-Vegetarian,8.7,3719,6,1.6,21.3,0,0.9,43.6
330,36,Male,Pescatarian,7.3,2884,8,1.8,18.8,0,4.1,39.5
331,21,Male,Pescatarian,5.8,13330,8,1.7,23.5,0,3.8,53.3
332,52,Male,Vegetarian,7.2,5349,6,2.1,23.1,0,2.3,46.7
333,34,Female,Vegan,8.2,12393,10,1.5,35.4,0,3.8,51.8
334,61,Male,Non-Vegetarian,7.6,6179,3,2.7,26.4,0,6.7,61.8
335,45,Female,Non-Vegetarian,6.6,11902,3,2.0,18.3,0,4.9,64.8
336,47,Female,Non-Vegetarian,5.7,7610,1,2.0,22.0,1,1.2,50.9
337,46,Male,Non-Vegetarian,7.3,7430,7,1.8,29.1,0,3.3,48.3
338,63,Male,Pescatarian,7.0,8154,5,2.1,33.9,0,1.9,52.5
339,23,Male,Pescatarian,7.6,14828,4,2.5,17.4,0,2.7,69.2
340,52,Male,Vegan,7.3,11145,10,1.5,16.0,1,2.7,41.7
341,58,Female,Non-Vegetarian,7.8,7488,4,1.6,32.9,1,2.5,48.8
342,54,Male,Non-Vegetarian,5.9,5737,4,1.8,26.3,0,1.0,46.2
343,41,Male,Vegetarian,8.1,7525,6,1.2,20.6,0,3.2,49.7
344,46,Male,Pescatarian,6.7,4850,8,1.5,26.9,1,2.4,33.7
345,63,Male,Non-Vegetarian,9.0,1689,8,1.7,15.0,0,0.0,36.2
346,48,Male,Vegan,5.7,14564,5,2.5,24.5,0,7.6,68.2
347,52,Male,Vegan,8.6,11142,6,2.2,26.0,0,5.7,63.1
348,50,Female,Pescatarian,6.7,6175,4,2.1,28.7,1,2.7,46.5
349,38,Female,Vegan,5.7,14774,9,2.5,19.9,1,3.5,51.1
350,49,Male,Vegan,5.9,9648,8,1.9,24.9,0,1.2,45.3
351,40,Male,Pescatarian,6.1,6078,10,2.2,20.3,0,6.9,43.0
352,50,Male,Non-Vegetarian,7.0,11322,10,1.9,25.6,0,7.3,52.8
353,20,Female,Non-Vegetarian,7.1,13168,1,2.2,20.5,0,3.8,71.5
354,35,Male,Vegan,5.8,14410,2,1.7,22.7,1,5.5,63.9
355,42,Female,Vegan,6.5,13436,9,0.5,20.0,0,3.9,48.4
356,59,Male,Non-Vegetarian,9.1,6448,8,1.9,27.4,0,0.8,45.9
357,48,Male,Pescatarian,8.6,2179,3,,28.4,0,2.7,53.6
358,20,Male,Vegan,7.0,13477,8,2.6,23.4,0,3.8,59.3
359,57,Male,Vegetarian,6.5,12757,1,2.6,24.7,0,2.6,69.8
360,63,Female,Pescatarian,6.6,10074,10,,18.0,0,3.1,48.4
361,41,Female,Vegan,7.2,7406,4,2.1,23.2,0,3.3,55.2
362,49,Male,Vegan,5.3,9591,3,2.1,24.3,0,3.3,57.0
363,64,Male,Vegetarian,6.2,7907,6,1.6,36.3,0,3.6,48.4
364,39,Female,Vegetarian,4.5,9800,7,1.8,19.5,0,1.4,44.6
365,40,Female,Non-Vegetarian,7.0,2638,4,2.4,31.1,0,2.1,46.6
366,19,Female,Pescatarian,7.3,6671,7,2.7,29.0,1,0.9,42.8
367,44,Female,Pescatarian,5.9,7928,9,1.9,25.8,1,5.5,40.0
368,59,Male,Non-Vegetarian,8.4,11340,2,1.7,32.4,1,0.0,58.1
369,19,Female,Pescatarian,5.0,2382,3,2.0,26.2,0,5.8,46.7
370,43,Male,Pescatarian,4.7,2403,5,2.4,26.3,1,6.3,39.2
371,34,Female,Pescatarian,6.8,10011,3,1.1,24.3,0,2.9,56.5
372,57,Female,Pescatarian,7.8,4292,8,0.6,30.0,0,0.0,34.0
373,50,Female,Pescatarian,8.5,10011,10,1.7,29.4,0,2.8,48.1
374,26,Female,Vegetarian,5.9,1419,8,1.3,21.7,0,3.4,31.7
375,60,Female,Pescatarian,7.8,13411,8,1.7,18.6,0,1.5,54.9
376,56,Male,Vegetarian,6.5,5517,9,1.9,23.6,0,2.5,39.0
377,46,Male,Pescatarian,6.3,4302,4,1.7,20.9,0,6.6,50.2
378,59,Female,Non-Vegetarian,7.6,8857,5,2.9,24.2,0,4.8,61.0
379,43,Female,Vegan,7.3,10700,5,2.2,30.1,0,1.7,57.5
380,52,Male,Vegetarian,4.6,8870,8,2.2,22.4,0,0.3,41.6
381,42,Female,Pescatarian,8.3,6693,7,2.4,24.3,0,2.8,50.8
382,41,Female,Non-Vegetarian,8.2,1767,9,1.3,24.8,1,3.1,29.5
383,30,Male,Vegan,5.7,3044,8,2.6,28.3,1,4.5,35.0
384,24,Female,Vegetarian,7.0,11331,2,2.0,15.0,0,2.4,64.0
385,53,Female,Vegan,7.1,12221,10,2.4,21.8,0,4.5,53.4
386,62,Male,Non-Vegetarian,6.8,2549,4,1.4,25.5,0,7.4,48.0
387,37,Male,Vegetarian,5.8,10956,6,1.1,29.9,1,5.1,47.4
388,18,Male,Vegan,5.7,7140,2,2.5,22.3,0,3.4,57.3
389,25,Female,Pescatarian,6.5,11837,7,2.2,16.1,0,3.1,55.3
390,63,Male,Vegetarian,7.9,4716,3,1.5,27.3,0,2.8,51.3
391,33,Male,Vegan,7.2,13797,3,1.5,21.6,0,5.9,68.3
392,31,Male,Non-Vegetarian,6.1,14494,2,2.7,19.1,0,2.2,69.8
393,29,Male,Non-Vegetarian,7.4,5481,8,1.3,21.7,1,3.6,36.7
394,40,Male,Vegetarian,3.1,14885,6,3.0,23.7,0,3.6,59.1
395,32,Male,Vegan,7.9,8898,1,1.5,21.8,0,2.5,61.9
396,45,Female,Vegetarian,4.4,7548,1,2.4,15.0,1,0.8,49.2
397,51,Female,Vegetarian,6.1,3293,7,1.8,28.5,1,4.1,34.8
398,19,Male,Vegan,5.2,5837,8,2.4,30.2,0,3.4,41.8
399,49,Male,Vegan,4.9,8758,5,1.7,27.4,0,4.5,50.6
400,40,Male,Pescatarian,7.9,11900,5,1.9,19.4,0,2.4,60.3
401,39,Female,Vegan,5.9,7793,4,2.0,23.6,1,5.9,50.6
402,42,Female,Non-Vegetarian,6.9,8638,6,1.4,24.5,0,1.7,48.3
403,39,Female,Vegetarian,6.4,8993,6,2.4,27.2,1,6.9,52.2
404,39,Female,Vegetarian,7.1,7007,3,1.7,27.5,0,0.0,51.3
405,59,Female,Non-Vegetarian,6.6,6542,9,1.9,21.2,0,4.4,42.9
406,23,Female,Vegan,5.0,10092,7,1.4,24.9,0,4.5,47.9
407,32,Female,Non-Vegetarian,7.7,12276,1,0.5,26.6,0,1.9,62.8
408,60,Female,Non-Vegetarian,5.9,7356,7,1.9,31.1,0,4.3,46.8
409,54,Female,Pescatarian,4.6,11201,5,3.4,27.7,0,6.1,62.2
410,50,Male,Non-Vegetarian,6.0,9433,5,2.5,28.1,0,0.0,52.1
411,25,Male,Vegetarian,8.3,8380,2,2.0,24.9,1,4.5,58.9
412,61,Male,Non-Vegetarian,7.5,3385,4,1.8,30.8,0,0.0,44.4
413,61,Male,Vegetarian,6.1,5268,6,2.0,26.3,0,1.6,43.2
414,22,Female,Vegetarian,6.1,1671,10,2.3,20.6,0,6.8,35.9
415,56,Female,Vegetarian,6.1,1163,7,1.3,30.8,0,2.3,32.5
416,21,Male,Vegan,9.0,9656,5,2.7,27.6,0,1.2,60.5
417,23,Female,Pescatarian,7.0,12234,9,2.4,22.5,0,3.1,53.7
418,62,Male,Vegetarian,7.0,5592,3,2.4,22.3,1,7.6,54.5
419,49,Female,Vegetarian,7.7,5795,1,2.3,25.8,0,0.0,56.7
420,47,Male,Vegan,6.8,11634,4,2.0,26.6,0,1.4,59.0
421,64,Female,Vegetarian,6.2,5798,9,2.4,25.4,0,6.5,45.0
422,52,Female,Non-Vegetarian,6.3,7036,4,2.4,25.9,0,7.2,58.0
423,57,Male,Non-Vegetarian,6.4,3355,2,1.8,32.1,0,3.3,49.7
424,33,Female,Pescatarian,6.5,6887,10,1.7,29.3,1,1.0,31.9
425,30,Male,Vegetarian,7.4,13470,5,2.1,25.4,1,7.7,63.4
426,59,Male,Vegan,6.6,13916,3,2.9,28.7,0,6.7,73.4
427,47,Male,Non-Vegetarian,7.4,8961,9,1.3,19.9,0,4.9,46.9
428,36,Male,Vegan,6.4,11749,4,1.1,26.3,0,1.9,55.5
429,34,Female,Vegan,6.6,6827,6,2.1,32.6,0,3.4,49.1
430,36,Female,Non-Vegetarian,4.1,9737,2,2.0,23.5,0,3.2,56.4
431,45,Female,Vegan,7.6,14875,6,2.1,20.7,0,4.2,65.4
432,43,Male,Non-Vegetarian,6.9,5719,3,2.1,21.6,0,6.4,57.1
433,54,Female,Vegan,7.7,13027,9,1.9,19.6,0,5.3,56.9
434,43,Male,Non-Vegetarian,3.0,1593,2,2.9,21.0,0,1.3,41.9
435,40,Female,Vegetarian,9.0,5839,9,1.0,22.8,0,6.3,45.2
436,26,Female,Pescatarian,6.3,8394,5,1.5,18.2,0,4.1,51.6
437,29,Female,Non-Vegetarian,7.8,12996,8,1.9,24.6,0,4.9,58.6
438,18,Male,Non-Vegetarian,5.3,10651,2,1.0,28.6,1,6.4,55.0
439,18,Female,Pescatarian,7.2,4493,6,1.9,20.4,0,1.3,43.4
440,64,Female,Non-Vegetarian,5.2,11793,3,3.0,31.3,0,3.4,63.9
441,51,Male,Non-Vegetarian,5.8,7164,10,2.0,26.8,0,2.4,38.6
442,49,Female,Vegan,8.8,11636,5,2.1,29.1,1,0.4,55.3
443,42,Male,Pescatarian,6.3,3672,8,1.2,21.5,0,4.2,36.7
444,57,Female,Vegetarian,6.8,5200,10,1.6,28.3,0,8.5,42.4
445,62,Male,Non-Vegetarian,7.5,1016,1,1.8,19.6,0,0.0,46.4
446,18,Male,Pescatarian,7.1,4191,5,1.8,28.5,0,3.4,46.6
447,33,Female,Vegan,6.7,1392,3,2.8,25.3,1,4.8,45.4
448,56,Male,Vegetarian,6.9,9616,4,2.3,27.0,0,3.7,59.4
449,22,Male,Pescatarian,9.4,7272,2,1.3,19.2,1,3.3,55.3
450,39,Male,Vegetarian,6.4,1571,9,2.1,20.5,1,0.9,26.3
451,46,Male,Vegetarian,6.7,4631,3,2.3,27.2,1,4.0,48.0
452,20,Male,Vegetarian,7.8,7172,2,2.7,20.2,0,2.0,60.8
453,29,Male,Non-Vegetarian,7.8,10312,10,2.9,26.6,0,0.0,48.7
454,43,Female,Non-Vegetarian,7.9,8177,9,1.4,18.3,0,5.9,48.0
455,33,Male,Vegan,7.3,9433,7,1.5,28.3,1,5.4,47.7
456,54,Male,Vegan,5.1,4897,6,1.2,19.0,0,3.6,39.7
457,39,Female,Pescatarian,8.5,13287,1,1.9,27.0,0,4.0,73.6
458,46,Female,Vegan,5.1,9123,5,2.3,27.3,0,5.6,55.0
459,31,Female,Vegetarian,6.9,3279,3,2.6,21.4,0,3.9,52.2
460,45,Female,Vegetarian,5.6,9980,1,2.0,27.1,1,5.3,59.0
461,22,Female,Non-Vegetarian,6.4,8451,4,1.8,25.7,0,2.9,53.7
462,64,Female,Vegetarian,6.9,9906,2,2.1,22.1,1,6.1,60.7
463,47,Female,Pescatarian,6.9,14046,2,1.5,20.0,0,4.1,68.2
464,63,Male,Vegetarian,7.0,12041,3,3.3,15.7,1,3.9,64.6
465,22,Male,Vegetarian,8.4,1775,8,1.0,26.1,0,1.0,33.6
466,29,Female,Pescatarian,7.0,13218,8,2.1,17.5,0,4.1,57.3
467,33,Male,Vegan,6.2,7869,7,3.2,24.9,1,1.8,45.4
468,43,Male,Vegan,7.7,3247,6,2.0,23.3,0,2.2,43.7
469,43,Male,Pescatarian,7.9,8088,9,1.9,27.6,1,1.9,40.4
470,38,Female,Non-Vegetarian,5.0,1078,4,1.8,23.1,0,1.4,37.0
471,56,Female,Vegetarian,7.2,9080,1,1.9,23.0,0,7.7,67.9
472,53,Male,Pescatarian,7.3,8099,8,2.8,27.8,0,6.2,54.2
473,50,Female,Vegetarian,,4926,7,0.7,26.0,0,7.3,41.9
474,47,Male,Non-Vegetarian,8.2,10047,7,2.9,25.9,0,1.1,56.2
475,54,Male,Vegetarian,6.3,8340,3,1.1,26.6,0,3.6,53.5
476,40,Male,Pescatarian,6.7,14727,4,1.8,17.6,0,0.9,62.7
477,27,Male,Vegetarian,6.3,8083,10,1.7,27.9,0,2.1,39.7
478,22,Female,Vegan,6.5,7230,9,2.4,27.3,1,1.7,37.9
479,53,Female,Non-Vegetarian,5.2,11340,6,1.0,19.9,1,6.0,47.5
480,51,Female,Non-Vegetarian,4.8,10223,5,2.3,23.4,0,2.7,53.2
481,48,Male,Non-Vegetarian,8.4,5940,3,3.2,24.3,0,5.6,63.7
482,27,Female,Pescatarian,5.5,4271,9,1.2,23.9,0,4.7,34.7
483,36,Male,Non-Vegetarian,5.3,12768,5,2.1,26.0,0,8.1,63.4
484,49,Female,Vegan,3.9,13374,5,1.6,30.9,1,0.5,46.6
485,18,Male,Pescatarian,5.7,4456,4,2.3,29.4,1,6.0,45.9
486,22,Male,Vegan,4.9,8788,4,2.0,18.6,0,5.8,55.2
487,62,Male,Vegetarian,8.5,12698,1,1.6,27.3,1,1.6,63.9
488,21,Female,Vegetarian,7.7,9599,7,2.3,30.5,0,5.5,56.9
489,33,Female,Vegetarian,5.7,8650,9,3.1,26.2,1,4.2,43.9
490,41,Female,Vegetarian,9.2,3711,3,1.9,29.4,0,3.0,53.9
491,33,Female,Vegan,7.7,12280,2,2.4,33.6,0,1.9,67.9
492,19,Male,Pescatarian,6.1,2668,3,1.2,29.1,0,2.1,42.4
493,45,Female,Pescatarian,3.5,1147,1,1.4,25.6,0,7.6,45.3
494,49,Female,Non-Vegetarian,9.2,7420,6,2.3,29.2,0,3.5,56.1
495,44,Male,Vegan,4.8,13519,7,2.9,25.2,1,5.1,54.5
496,37,Male,Vegetarian,4.5,13089,2,2.2,24.6,0,1.9,62.1
497,41,Male,Vegan,,11142,8,1.8,22.9,0,1.9,51.8
498,29,Female,Non-Vegetarian,9.4,1365,6,2.0,31.5,0,5.7,47.7
499,52,Male,Non-Vegetarian,8.2,10866,4,1.2,20.8,0,0.8,56.9
500,50,Male,Vegan,7.2,5531,5,2.4,31.4,0,2.7,50.5
